,0,Bike,Bike Log for Black Schwinn,Cost,DateSec,Maintenance/ Comment,Mileage,CumulativeMileage
2014-01-01,0,,,,,,0.0,0.0
2014-01-02,1,,,,,,0.0,0.0
2014-01-03,2,,,,,,0.0,0.0
2014-01-04,3,,,,,,0.0,0.0
2014-01-05,4,,,,,,0.0,0.0
2014-01-06,5,,,,,,0.0,0.0
2014-01-07,6,,,,,,0.0,0.0
2014-01-08,7,,,,,,0.0,0.0
2014-01-09,8,,,,,,0.0,0.0
2014-01-10,9,,,,,,0.0,0.0
2014-01-11,10,,,,,,0.0,0.0
2014-01-12,11,,,,,,0.0,0.0
2014-01-13,12,,,,,,0.0,0.0
2014-01-14,13,,,,,,0.0,0.0
2014-01-15,14,,,,,,0.0,0.0
2014-01-16,15,,,,,,0.0,0.0
2014-01-17,16,,,,,,0.0,0.0
2014-01-18,17,,,,,,0.0,0.0
2014-01-19,18,,,,,,0.0,0.0
2014-01-20,19,,,,,,0.0,0.0
2014-01-21,20,,,,,,0.0,0.0
2014-01-22,21,,,,,,0.0,0.0
2014-01-23,22,,,,,,0.0,0.0
2014-01-24,23,,,,,,0.0,0.0
2014-01-25,24,,,,,,0.0,0.0
2014-01-26,25,,,,,,0.0,0.0
2014-01-27,26,,,,,,0.0,0.0
2014-01-28,27,,,,,,0.0,0.0
2014-01-29,28,,,,,,0.0,0.0
2014-01-30,29,,,,,,0.0,0.0
2014-01-31,30,,,,,,0.0,0.0
2014-02-01,31,,,,,,0.0,0.0
2014-02-02,32,,,,,,0.0,0.0
2014-02-03,33,,,,,,0.0,0.0
2014-02-04,34,,,,,,0.0,0.0
2014-02-05,35,,,,,,0.0,0.0
2014-02-06,36,,,,,,0.0,0.0
2014-02-07,37,,,,,,0.0,0.0
2014-02-08,38,,,,,,0.0,0.0
2014-02-09,39,,,,,,0.0,0.0
2014-02-10,40,,,,,,0.0,0.0
2014-02-11,41,,,,,,0.0,0.0
2014-02-12,42,,,,,,0.0,0.0
2014-02-13,43,,,,,,0.0,0.0
2014-02-14,44,,,,,,0.0,0.0
2014-02-15,45,,,,,,0.0,0.0
2014-02-16,46,,,,,,0.0,0.0
2014-02-17,47,,,,,,0.0,0.0
2014-02-18,48,,,,,,0.0,0.0
2014-02-19,49,,,,,,0.0,0.0
2014-02-20,50,,,,,,0.0,0.0
2014-02-21,51,,,,,,0.0,0.0
2014-02-22,52,,,,,,0.0,0.0
2014-02-23,53,,,,,,0.0,0.0
2014-02-24,54,,,,,,0.0,0.0
2014-02-25,55,,,,,,0.0,0.0
2014-02-26,56,,,,,,0.0,0.0
2014-02-27,57,,,,,,0.0,0.0
2014-02-28,58,,,,,,0.0,0.0
2014-03-01,59,,,,,,0.0,0.0
2014-03-02,60,,,,,,0.0,0.0
2014-03-03,61,,,,,,0.0,0.0
2014-03-04,62,,,,,,0.0,0.0
2014-03-05,63,,,,,,0.0,0.0
2014-03-06,64,,,,,,0.0,0.0
2014-03-07,65,,,,,,0.0,0.0
2014-03-08,66,,,,,,0.0,0.0
2014-03-09,67,,,,,,0.0,0.0
2014-03-10,68,,,,,,0.0,0.0
2014-03-11,69,,,,,,0.0,0.0
2014-03-12,70,,,,,,0.0,0.0
2014-03-13,71,,,,,,0.0,0.0
2014-03-14,72,,,,,,0.0,0.0
2014-03-15,73,,,,,,0.0,0.0
2014-03-16,74,,,,,,0.0,0.0
2014-03-17,75,,,,,,0.0,0.0
2014-03-18,76,,,,,,0.0,0.0
2014-03-19,77,,,,,,0.0,0.0
2014-03-20,78,,,,,,0.0,0.0
2014-03-21,79,,,,,,0.0,0.0
2014-03-22,80,schwinn,309.4,,1395446400.0,Trued rear wheel,3.0,3.0
2014-03-23,81,schwinn,,,1395532800.0,,8.0,11.0
2014-03-24,82,schwinn,,,1395619200.0,,18.4,29.4
2014-03-25,83,,,,,,0.0,29.4
2014-03-26,84,schwinn,,,1395792000.0,,18.4,47.8
2014-03-27,85,,,,,,0.0,47.8
2014-03-28,86,schwinn,,,1395964800.0,,6.2,54.0
2014-03-29,87,schwinn,,,1396051200.0,,6.0,60.0
2014-03-30,88,schwinn,,,1396137600.0,,12.0,72.0
2014-03-31,89,schwinn,,,1396224000.0,,18.4,90.4
2014-04-01,90,,,,,,0.0,90.4
2014-04-02,91,schwinn,,,1396396800.0,,18.4,108.8
2014-04-03,92,,,,,,0.0,108.8
2014-04-04,93,,,,,,0.0,108.8
2014-04-05,94,,,,,,0.0,108.8
2014-04-06,95,schwinn,,,1396742400.0,,6.6,115.4
2014-04-07,96,schwinn,,,1396828800.0,,18.4,133.8
2014-04-08,97,schwinn,,,1396915200.0,,5.4,139.2
2014-04-09,98,schwinn,,,1397001600.0,,18.4,157.6
2014-04-10,99,schwinn,,,1397088000.0,Bent f. wheel on taxi,5.4,163.0
2014-04-11,100,schwinn,,,1397174400.0,,12.4,175.4
2014-04-12,101,,,,,,0.0,175.4
2014-04-13,102,schwinn,,,1397347200.0,,4.0,179.4
2014-04-14,103,schwinn,,,1397433600.0,,18.4,197.8
2014-04-15,104,schwinn,,,1397520000.0,,5.4,203.2
2014-04-16,105,schwinn,,,1397606400.0,,18.4,221.6
2014-04-17,106,schwinn,,,1397692800.0,,5.4,227.0
2014-04-18,107,,,,,,0.0,227.0
2014-04-19,108,,,,,,0.0,227.0
2014-04-20,109,,,,,,0.0,227.0
2014-04-21,110,schwinn,,,1398038400.0,,18.4,245.4
2014-04-22,111,,,,,,0.0,245.4
2014-04-23,112,schwinn,,,1398211200.0,,18.4,263.8
2014-04-24,113,,,,,,0.0,263.8
2014-04-25,114,,,,,,0.0,263.8
2014-04-26,115,,,,,,0.0,263.8
2014-04-27,116,,,,,,0.0,263.8
2014-04-28,117,schwinn,,,1398643200.0,,8.8,272.6
2014-04-29,118,,,,,,0.0,272.6
2014-04-30,119,schwinn,,,1398816000.0,,18.4,291.0
2014-05-01,120,,,,,,0.0,291.0
2014-05-02,121,,,,,,0.0,291.0
2014-05-03,122,,,,,,0.0,291.0
2014-05-04,123,,,,,,0.0,291.0
2014-05-05,124,,,,,,0.0,291.0
2014-05-06,125,,,,,,0.0,291.0
2014-05-07,126,,,,,,0.0,291.0
2014-05-08,127,,,,,,0.0,291.0
2014-05-09,128,,,,,,0.0,291.0
2014-05-10,129,,,,,,0.0,291.0
2014-05-11,130,,,,,,0.0,291.0
2014-05-12,131,schwinn,,,1399852800.0,,18.4,309.4
2014-05-13,132,,,,,,0.0,309.4
2014-05-14,133,fuji,,,1400025600.0,,18.4,327.8
2014-05-15,134,,,,,,0.0,327.8
2014-05-16,135,,,,,,0.0,327.8
2014-05-17,136,fuji,,,1400284800.0,,10.4,338.2
2014-05-18,137,,,,,,0.0,338.2
2014-05-19,138,fuji,,,1400457600.0,,18.4,356.6
2014-05-20,139,,,,,,0.0,356.6
2014-05-21,140,fuji,,,1400630400.0,,13.0,369.6
2014-05-22,141,,,,,,0.0,369.6
2014-05-23,142,,,,,,0.0,369.6
2014-05-24,143,redTrek,,200.0,1400889600.0,Arrived in Madison ,0.0,369.6
2014-05-25,144,,,,,,0.0,369.6
2014-05-26,145,,,,,,0.0,369.6
2014-05-27,146,fuji,,,1401148800.0,Put armadillo tires on (from black Schwinn),5.0,374.6
2014-05-28,147,fuji,,,1401235200.0,,21.0,395.6
2014-05-29,148,redTrek,,,1401321600.0,,10.0,405.6
2014-05-30,149,,,,,,0.0,405.6
2014-05-31,150,fuji,,,1401494400.0,,55.0,460.6
2014-05-31,150,redTrek,,,1401494400.0,Anna rode 55 miles,0.0,460.6
2014-06-01,151,,,,,,0.0,460.6
2014-06-02,152,fuji,,,1401667200.0,,21.0,481.6
2014-06-03,153,fuji,,,1401753600.0,,5.0,486.6
2014-06-04,154,fuji,,,1401840000.0,,30.0,516.6
2014-06-05,155,fuji,,,1401926400.0,,5.0,521.6
2014-06-06,156,fuji,,,1402012800.0,,20.0,541.6
2014-06-07,157,redTrek,,,1402099200.0,,6.4,548.0
2014-06-08,158,,,,,,0.0,548.0
2014-06-09,159,,,,,,0.0,548.0
2014-06-10,160,,,,,,0.0,548.0
2014-06-11,161,fuji,,,1402444800.0,,19.5,567.5
2014-06-12,162,,,,,,0.0,567.5
2014-06-13,163,redTrek,,,1402617600.0,,30.0,597.5
2014-06-14,164,,,,,,0.0,597.5
2014-06-15,165,fuji,,,1402790400.0,,10.0,607.5
2014-06-16,166,redTrek,,,1402876800.0,,18.4,625.9
2014-06-17,167,,,,,,0.0,625.9
2014-06-18,168,fuji,,,1403049600.0,,18.4,644.3
2014-06-19,169,,,,,,0.0,644.3
2014-06-20,170,,,,,,0.0,644.3
2014-06-21,171,,,,,,0.0,644.3
2014-06-22,172,,,,,,0.0,644.3
2014-06-23,173,redTrek,,,1403481600.0,,27.4,671.7
2014-06-23,173,fuji,,,1403481600.0,,22.0,693.7
2014-06-24,174,fuji,,,1403568000.0,,20.0,713.7
2014-06-25,175,fuji,,,1403654400.0,,18.4,732.1
2014-06-26,176,fuji,,,1403740800.0,,13.0,745.1
2014-06-27,177,fuji,,,1403827200.0,,10.0,755.1
2014-06-28,178,fuji,,,1403913600.0,,5.0,760.1
2014-06-29,179,fuji,,8.0,1404000000.0,Put on rack and fenders,1.0,761.1
2014-06-30,180,,,,,,0.0,761.1
2014-07-01,181,fuji,,,1404172800.0,,10.0,771.1
2014-07-02,182,fuji,,,1404259200.0,,5.2,776.3
2014-07-02,182,redTrek,,40.0,1404259200.0,New tires,0.0,776.3
2014-07-03,183,fuji,,,1404345600.0,,15.0,791.3
2014-07-04,184,fuji,,,1404432000.0,,2.5,793.8
2014-07-05,185,fuji,,,1404518400.0,,2.5,796.3
2014-07-06,186,fuji,,,1404604800.0,,34.0,830.3
2014-07-07,187,,,,,,0.0,830.3
2014-07-08,188,redTrek,,,1404777600.0,Paoli ~2hrs,35.0,865.3
2014-07-09,189,fuji,,,1404864000.0,"Cleaned, regreased BB",6.4,871.7
2014-07-10,190,fuji,,,1404950400.0,,5.0,876.7
2014-07-11,191,fuji,,,1405036800.0,to crystal lake (and DNR),30.8,907.5
2014-07-12,192,fuji,,,1405123200.0,Baxter's hollow and back (approx dist),40.0,947.5
2014-07-13,193,fuji,,,1405209600.0,From crystal lake (and union),31.0,978.5
2014-07-14,194,,,,,,0.0,978.5
2014-07-15,195,,,,,,0.0,978.5
2014-07-16,196,redTrek,,5.0,1405468800.0,Bike seat,35.0,1013.5
2014-07-17,197,fuji,,,1405555200.0,,10.0,1023.5
2014-07-18,198,,,,,,0.0,1023.5
2014-07-19,199,redTrek,,,1405728000.0,,35.0,1058.5
2014-07-20,200,fuji,,,1405814400.0,,8.0,1066.5
2014-07-21,201,,,,,,0.0,1066.5
2014-07-22,202,,,,,,0.0,1066.5
2014-07-23,203,,,,,,0.0,1066.5
2014-07-24,204,,,,,,0.0,1066.5
2014-07-25,205,,,,,,0.0,1066.5
2014-07-26,206,,,,,,0.0,1066.5
2014-07-27,207,,,,,,0.0,1066.5
2014-07-28,208,,,,,,0.0,1066.5
2014-07-29,209,,,,,,0.0,1066.5
2014-07-30,210,,,,,,0.0,1066.5
2014-07-31,211,,,,,,0.0,1066.5
2014-08-01,212,,,,,,0.0,1066.5
2014-08-02,213,,,,,,0.0,1066.5
2014-08-03,214,,,,,,0.0,1066.5
2014-08-04,215,,,,,,0.0,1066.5
2014-08-05,216,redTrek,,,1407196800.0,,21.5,1088.0
2014-08-06,217,,,,,,0.0,1088.0
2014-08-07,218,fuji,,,1407369600.0,,10.0,1098.0
2014-08-08,219,fuji,,,1407456000.0,,41.0,1139.0
2014-08-09,220,,,,,,0.0,1139.0
2014-08-10,221,fuji,,,1407628800.0,,4.1,1143.1
2014-08-11,222,,,,,,0.0,1143.1
2014-08-12,223,,,,,,0.0,1143.1
2014-08-13,224,,,,,,0.0,1143.1
2014-08-14,225,fuji,,,1407974400.0,,8.0,1151.1
2014-08-15,226,fuji,,,1408060800.0,,6.0,1157.1
2014-08-15,226,redTrek,,,1408060800.0,,34.0,1191.1
2014-08-16,227,fuji,,,1408147200.0,,8.0,1199.1
2014-08-17,228,fuji,,,1408233600.0,,20.0,1219.1
2014-08-18,229,,,,,,0.0,1219.1
2014-08-19,230,redTrek,,,1408406400.0,,33.0,1252.1
2014-08-20,231,fuji,,,1408492800.0,,24.0,1276.1
2014-08-21,232,fuji,,,1408579200.0,,5.0,1281.1
2014-08-22,233,,,,,,0.0,1281.1
2014-08-23,234,,,,,,0.0,1281.1
2014-08-24,235,redTrek,,,1408838400.0,,42.0,1323.1
2014-08-25,236,,,,,,0.0,1323.1
2014-08-26,237,fuji,,,1409011200.0,,13.0,1336.1
2014-08-27,238,redTrek,,,1409097600.0,,42.0,1378.1
2014-08-28,239,,,,,,0.0,1378.1
2014-08-29,240,,,,,,0.0,1378.1
2014-08-30,241,fuji,,,1409356800.0,,9.0,1387.1
2014-08-31,242,redTrek,,,1409443200.0,,32.0,1419.1
2014-09-01,243,,,,,,0.0,1419.1
2014-09-02,244,,,,,,0.0,1419.1
2014-09-03,245,fuji,,,1409702400.0,,24.0,1443.1
2014-09-04,246,,,,,,0.0,1443.1
2014-09-05,247,fuji,,,1409875200.0,,6.0,1449.1
2014-09-06,248,,,,,,0.0,1449.1
2014-09-07,249,redTrek,,,1410048000.0,,32.0,1481.1
2014-09-08,250,,,,,,0.0,1481.1
2014-09-09,251,redTrek,,,1410220800.0,,20.0,1501.1
2014-09-10,252,,,,,,0.0,1501.1
2014-09-11,253,,,,,,0.0,1501.1
2014-09-12,254,fuji,,,1410480000.0,,3.0,1504.1
2014-09-13,255,,,,,,0.0,1504.1
2014-09-14,256,redTrek,,,1410652800.0,,32.0,1536.1
2014-09-15,257,,,,,,0.0,1536.1
2014-09-16,258,fuji,,,1410825600.0,,6.0,1542.1
2014-09-17,259,,,,,,0.0,1542.1
2014-09-18,260,redTrek,,,1410998400.0,,20.0,1562.1
2014-09-19,261,,,,,,0.0,1562.1
2014-09-20,262,,,,,,0.0,1562.1
2014-09-21,263,,,,,,0.0,1562.1
2014-09-22,264,redTrek,,,1411344000.0,,20.0,1582.1
2014-09-23,265,,,,,,0.0,1582.1
2014-09-24,266,,,,,,0.0,1582.1
2014-09-25,267,,,,,,0.0,1582.1
2014-09-26,268,,,,,,0.0,1582.1
2014-09-27,269,,,,,,0.0,1582.1
2014-09-28,270,,,,,,0.0,1582.1
2014-09-29,271,,,,,,0.0,1582.1
2014-09-30,272,fuji,,,1412035200.0,,3.0,1585.1
2014-10-01,273,fuji,,,1412121600.0,,20.0,1605.1
2014-10-02,274,,,,,,0.0,1605.1
2014-10-03,275,,,,,,0.0,1605.1
2014-10-04,276,,,,,,0.0,1605.1
2014-10-05,277,,,,,,0.0,1605.1
2014-10-06,278,,,,,,0.0,1605.1
2014-10-07,279,,,,,,0.0,1605.1
2014-10-08,280,,,,,,0.0,1605.1
2014-10-09,281,,,,,,0.0,1605.1
2014-10-10,282,,,,,,0.0,1605.1
2014-10-11,283,redTrek,,,1412985600.0,,34.0,1639.1
2014-10-12,284,fuji,,,1413072000.0,,35.0,1674.1
2014-10-13,285,fuji,,,1413158400.0,,23.0,1697.1
2014-10-14,286,,,,,,0.0,1697.1
2014-10-15,287,,,,,,0.0,1697.1
2014-10-16,288,,,,,,0.0,1697.1
2014-10-17,289,fuji,,,1413504000.0,,5.8,1702.9
2014-10-18,290,,,,,,0.0,1702.9
2014-10-19,291,,,,,,0.0,1702.9
2014-10-20,292,fuji,,,1413763200.0,,10.6,1713.5
2014-10-21,293,fuji,,,1413849600.0,,12.4,1725.9
2014-10-22,294,fuji,,,1413936000.0,,6.5,1732.4
2014-10-23,295,,,,,,0.0,1732.4
2014-10-24,296,,,,,,0.0,1732.4
2014-10-25,297,,,,,,0.0,1732.4
2014-10-26,298,,,,,,0.0,1732.4
2014-10-27,299,fuji,,,1414368000.0,,22.5,1754.9
2014-10-28,300,,,,,,0.0,1754.9
2014-10-29,301,,,,,,0.0,1754.9
2014-10-30,302,,,,,,0.0,1754.9
2014-10-31,303,,,,,,0.0,1754.9
2014-11-01,304,,,,,,0.0,1754.9
2014-11-02,305,fuji,,,1414886400.0,,16.0,1770.9
2014-11-03,306,,,,,,0.0,1770.9
2014-11-04,307,,,,,,0.0,1770.9
2014-11-05,308,,,,,,0.0,1770.9
2014-11-06,309,,,,,,0.0,1770.9
2014-11-07,310,,,,,,0.0,1770.9
2014-11-08,311,fuji,,,1415404800.0,,43.5,1814.4
2014-11-09,312,,,,,,0.0,1814.4
2014-11-10,313,,,,,,0.0,1814.4
2014-11-11,314,,,,,,0.0,1814.4
2014-11-12,315,,,,,,0.0,1814.4
2014-11-13,316,,,,,,0.0,1814.4
2014-11-14,317,,,,,,0.0,1814.4
2014-11-15,318,,,,,,0.0,1814.4
2014-11-16,319,,,,,,0.0,1814.4
2014-11-17,320,,,,,,0.0,1814.4
2014-11-18,321,,,,,,0.0,1814.4
2014-11-19,322,,,,,,0.0,1814.4
2014-11-20,323,,,,,,0.0,1814.4
2014-11-21,324,,,,,,0.0,1814.4
2014-11-22,325,,,,,,0.0,1814.4
2014-11-23,326,,,,,,0.0,1814.4
2014-11-24,327,,,,,,0.0,1814.4
2014-11-25,328,,,,,,0.0,1814.4
2014-11-26,329,,,,,,0.0,1814.4
2014-11-27,330,,,,,,0.0,1814.4
2014-11-28,331,,,,,,0.0,1814.4
2014-11-29,332,,,,,,0.0,1814.4
2014-11-30,333,,,,,,0.0,1814.4
2014-12-01,334,,,,,,0.0,1814.4
2014-12-02,335,,,,,,0.0,1814.4
2014-12-03,336,,,,,,0.0,1814.4
2014-12-04,337,,,,,,0.0,1814.4
2014-12-05,338,,,,,,0.0,1814.4
2014-12-06,339,,,,,,0.0,1814.4
2014-12-07,340,,,,,,0.0,1814.4
2014-12-08,341,,,,,,0.0,1814.4
2014-12-09,342,,,,,,0.0,1814.4
2014-12-10,343,,,,,,0.0,1814.4
2014-12-11,344,,,,,,0.0,1814.4
2014-12-12,345,,,,,,0.0,1814.4
2014-12-13,346,,,,,,0.0,1814.4
2014-12-14,347,,,,,,0.0,1814.4
2014-12-15,348,,,,,,0.0,1814.4
2014-12-16,349,,,,,,0.0,1814.4
2014-12-17,350,,,,,,0.0,1814.4
2014-12-18,351,,,,,,0.0,1814.4
2014-12-19,352,,,,,,0.0,1814.4
2014-12-20,353,,,,,,0.0,1814.4
2014-12-21,354,,,,,,0.0,1814.4
2014-12-22,355,,,,,,0.0,1814.4
2014-12-23,356,,,,,,0.0,1814.4
2014-12-24,357,,,,,,0.0,1814.4
2014-12-25,358,,,,,,0.0,1814.4
2014-12-26,359,,,,,,0.0,1814.4
2014-12-27,360,,,,,,0.0,1814.4
2014-12-28,361,,,,,,0.0,1814.4
2014-12-29,362,,,,,,0.0,1814.4
2014-12-30,363,,,,,,0.0,1814.4
2014-12-31,364,,,,,,0.0,1814.4
2015-01-01,365,,,,,,0.0,0.0
2015-01-02,366,,,,,,0.0,0.0
2015-01-03,367,,,,,,0.0,0.0
2015-01-04,368,,,,,,0.0,0.0
2015-01-05,369,,,,,,0.0,0.0
2015-01-06,370,,,,,,0.0,0.0
2015-01-07,371,,,,,,0.0,0.0
2015-01-08,372,,,,,,0.0,0.0
2015-01-09,373,,,,,,0.0,0.0
2015-01-10,374,,,,,,0.0,0.0
2015-01-11,375,,,,,,0.0,0.0
2015-01-12,376,,,,,,0.0,0.0
2015-01-13,377,,,,,,0.0,0.0
2015-01-14,378,,,,,,0.0,0.0
2015-01-15,379,,,,,,0.0,0.0
2015-01-16,380,,,,,,0.0,0.0
2015-01-17,381,,,,,,0.0,0.0
2015-01-18,382,,,,,,0.0,0.0
2015-01-19,383,,,,,,0.0,0.0
2015-01-20,384,,,,,,0.0,0.0
2015-01-21,385,,,,,,0.0,0.0
2015-01-22,386,,,,,,0.0,0.0
2015-01-23,387,,,,,,0.0,0.0
2015-01-24,388,,,,,,0.0,0.0
2015-01-25,389,,,,,,0.0,0.0
2015-01-26,390,,,,,,0.0,0.0
2015-01-27,391,,,,,,0.0,0.0
2015-01-28,392,,,,,,0.0,0.0
2015-01-29,393,,,,,,0.0,0.0
2015-01-30,394,,,,,,0.0,0.0
2015-01-31,395,,,,,,0.0,0.0
2015-02-01,396,,,,,,0.0,0.0
2015-02-02,397,,,,,,0.0,0.0
2015-02-03,398,,,,,,0.0,0.0
2015-02-04,399,,,,,,0.0,0.0
2015-02-05,400,,,,,,0.0,0.0
2015-02-06,401,,,,,,0.0,0.0
2015-02-07,402,,,,,,0.0,0.0
2015-02-08,403,,,,,,0.0,0.0
2015-02-09,404,,,,,,0.0,0.0
2015-02-10,405,,,,,,0.0,0.0
2015-02-11,406,,,,,,0.0,0.0
2015-02-12,407,,,,,,0.0,0.0
2015-02-13,408,,,,,,0.0,0.0
2015-02-14,409,,,,,,0.0,0.0
2015-02-15,410,,,,,,0.0,0.0
2015-02-16,411,,,,,,0.0,0.0
2015-02-17,412,,,,,,0.0,0.0
2015-02-18,413,,,,,,0.0,0.0
2015-02-19,414,,,,,,0.0,0.0
2015-02-20,415,,,,,,0.0,0.0
2015-02-21,416,,,,,,0.0,0.0
2015-02-22,417,,,,,,0.0,0.0
2015-02-23,418,,,,,,0.0,0.0
2015-02-24,419,,,,,,0.0,0.0
2015-02-25,420,,,,,,0.0,0.0
2015-02-26,421,,,,,,0.0,0.0
2015-02-27,422,,,,,,0.0,0.0
2015-02-28,423,,,,,,0.0,0.0
2015-03-01,424,,,,,,0.0,0.0
2015-03-02,425,,,,,,0.0,0.0
2015-03-03,426,,,,,,0.0,0.0
2015-03-04,427,,,,,,0.0,0.0
2015-03-05,428,,,,,,0.0,0.0
2015-03-06,429,,,,,,0.0,0.0
2015-03-07,430,,,,,,0.0,0.0
2015-03-08,431,,,,,,0.0,0.0
2015-03-09,432,,,,,,0.0,0.0
2015-03-10,433,,,,,,0.0,0.0
2015-03-11,434,fuji,,,1426032000.0,,25.0,25.0
2015-03-12,435,fuji,,,1426118400.0,,9.0,34.0
2015-03-13,436,,,,,,0.0,34.0
2015-03-14,437,fuji,,,1426291200.0,,31.75,65.75
2015-03-15,438,fuji,,,1426377600.0,,4.3,70.05
2015-03-16,439,fuji,,,1426464000.0,,2.4,72.45
2015-03-17,440,,,,,,0.0,72.45
2015-03-18,441,fuji,,,1426636800.0,,3.0,75.45
2015-03-19,442,,,,,,0.0,75.45
2015-03-20,443,,,,,,0.0,75.45
2015-03-21,444,fuji,,,1426896000.0,,32.0,107.45
2015-03-22,445,fuji,,,1426982400.0,,9.0,116.45
2015-03-23,446,,,,,,0.0,116.45
2015-03-24,447,,,,,,0.0,116.45
2015-03-25,448,fuji,,,1427241600.0,,8.8,125.25
2015-03-26,449,,,,,,0.0,125.25
2015-03-27,450,,,,,,0.0,125.25
2015-03-28,451,,,,,,0.0,125.25
2015-03-29,452,,,,,,0.0,125.25
2015-03-30,453,,,,,,0.0,125.25
2015-03-31,454,fuji,,,1427760000.0,,3.6,128.85
2015-04-01,455,fuji,,,1427846400.0,,6.0,134.85
2015-04-02,456,fuji,,,1427932800.0,,20.0,154.85
2015-04-03,457,,,,,,0.0,154.85
2015-04-04,458,fuji,,,1428105600.0,,9.8,164.65
2015-04-05,459,redTrek,,,1428192000.0,,32.5,197.15
2015-04-06,460,,,,,,0.0,197.15
2015-04-07,461,,,,,,0.0,197.15
2015-04-08,462,fuji,,,1428451200.0,,4.75,201.9
2015-04-09,463,,,,,,0.0,201.9
2015-04-10,464,,,,,,0.0,201.9
2015-04-11,465,fuji,,,1428710400.0,,3.0,204.9
2015-04-12,466,,,,,,0.0,204.9
2015-04-13,467,,,,,,0.0,204.9
2015-04-14,468,redTrek,,,1428969600.0,,20.0,224.9
2015-04-15,469,,,,,,0.0,224.9
2015-04-16,470,,,,,,0.0,224.9
2015-04-17,471,redTrek,,,1429228800.0,,31.0,255.9
2015-04-18,472,,,,,,0.0,255.9
2015-04-19,473,,,,,,0.0,255.9
2015-04-20,474,,,,,,0.0,255.9
2015-04-21,475,,,,,,0.0,255.9
2015-04-22,476,,,,,,0.0,255.9
2015-04-23,477,redTrek,,,1429747200.0,,11.3,267.2
2015-04-24,478,redTrek,,,1429833600.0,,6.5,273.7
2015-04-25,479,,,,,,0.0,273.7
2015-04-26,480,,,,,,0.0,273.7
2015-04-27,481,redTrek,,,1430092800.0,,20.0,293.7
2015-04-28,482,,,,,,0.0,293.7
2015-04-29,483,redTrek,,,1430265600.0,,29.0,322.7
2015-04-30,484,,,,,,0.0,322.7
2015-05-01,485,redTrek,,,1430438400.0,,4.25,326.95
2015-05-02,486,fuji,,110.0,1430524800.0,New drive train: - new chain rings; - new chain; - new free wheel; - new front and rear derailleurs; - new brake levers; - new bb (now cartridge),5.0,331.95
2015-05-03,487,fuji,,,1430611200.0,,10.0,341.95
2015-05-04,488,,,,,,0.0,341.95
2015-05-05,489,,,,,,0.0,341.95
2015-05-06,490,redTrek,,,1430870400.0,,30.0,371.95
2015-05-07,491,,,,,,0.0,371.95
2015-05-08,492,,,,,,0.0,371.95
2015-05-09,493,fuji,,,1431129600.0,,4.0,375.95
2015-05-09,493,redTrek,,,1431129600.0,,46.0,421.95
2015-05-10,494,,,,,,0.0,421.95
2015-05-11,495,,,,,,0.0,421.95
2015-05-12,496,,,,,,0.0,421.95
2015-05-13,497,redTrek,,,1431475200.0,,8.5,430.45
2015-05-14,498,,,,,,0.0,430.45
2015-05-15,499,redTrek,,,1431648000.0,,32.5,462.95
2015-05-16,500,,,,,,0.0,462.95
2015-05-17,501,,,,,,0.0,462.95
2015-05-18,502,,,,,,0.0,462.95
2015-05-19,503,redTrek,,,1431993600.0,,36.25,499.2
2015-05-20,504,,,,,,0.0,499.2
2015-05-21,505,fuji,,,1432166400.0,,4.0,503.2
2015-05-21,505,redTrek,,,1432166400.0,,21.0,524.2
2015-05-22,506,fuji,,,1432252800.0,,2.0,526.2
2015-05-23,507,,,,,,0.0,526.2
2015-05-24,508,,,,,,0.0,526.2
2015-05-25,509,redTrek,,,1432512000.0,,33.0,559.2
2015-05-26,510,fuji,,,1432598400.0,,2.0,561.2
2015-05-27,511,,,,,,0.0,561.2
2015-05-28,512,fuji,,,1432771200.0,,2.0,563.2
2015-05-28,512,redTrek,,,1432771200.0,,32.5,595.7
2015-05-29,513,,,,,,0.0,595.7
2015-05-30,514,,,,,,0.0,595.7
2015-05-31,515,redTrek,,5.0,1433030400.0,new tube ,32.5,628.2
2015-06-01,516,,,,,,0.0,628.2
2015-06-02,517,redTrek,,,1433203200.0,,32.5,660.7
2015-06-03,518,,,,,,0.0,660.7
2015-06-04,519,,,,,,0.0,660.7
2015-06-05,520,,,,,,0.0,660.7
2015-06-06,521,redTrek,,,1433548800.0,,61.0,721.7
2015-06-07,522,fuji,,,1433635200.0,,7.0,728.7
2015-06-08,523,,,,,,0.0,728.7
2015-06-09,524,fuji,,,1433808000.0,,2.0,730.7
2015-06-10,525,redTrek,,,1433894400.0,,20.0,750.7
2015-06-11,526,,,,,,0.0,750.7
2015-06-12,527,fuji,,,1434067200.0,,6.0,756.7
2015-06-13,528,fuji,,,1434153600.0,,60.0,816.7
2015-06-14,529,,,,,,0.0,816.7
2015-06-15,530,,,,,,0.0,816.7
2015-06-16,531,,,,,,0.0,816.7
2015-06-17,532,fuji,,,1434499200.0,,8.0,824.7
2015-06-17,532,redTrek,,,1434499200.0,,20.0,844.7
2015-06-18,533,fuji,,,1434585600.0,,8.0,852.7
2015-06-19,534,,,,,,0.0,852.7
2015-06-20,535,,,,,,0.0,852.7
2015-06-21,536,redTrek,,16.0,1434844800.0,new handle bars & stem (cost for stem),41.0,893.7
2015-06-22,537,,,,,,0.0,893.7
2015-06-23,538,redTrek,,,1435017600.0,Cap city loop: 66 min,20.0,913.7
2015-06-24,539,,,,,,0.0,913.7
2015-06-25,540,,,,,,0.0,913.7
2015-06-26,541,,,,,,0.0,913.7
2015-06-27,542,,,,,,0.0,913.7
2015-06-28,543,,,,,,0.0,913.7
2015-06-29,544,,,,,,0.0,913.7
2015-06-30,545,fuji,,,1435622400.0,,11.0,924.7
2015-07-01,546,redTrek,,,1435708800.0,Cap city loop: 72 min,20.0,944.7
2015-07-02,547,,,,,,0.0,944.7
2015-07-03,548,fuji,,,1435881600.0,,2.0,946.7
2015-07-04,549,redTrek,,,1435968000.0,,28.0,974.7
2015-07-05,550,,,,,,0.0,974.7
2015-07-06,551,,,,,,0.0,974.7
2015-07-07,552,redTrek,,,1436227200.0,,42.0,1016.7
2015-07-08,553,,,,,,0.0,1016.7
2015-07-09,554,,,,,,0.0,1016.7
2015-07-10,555,,,,,,0.0,1016.7
2015-07-11,556,redTrek,,,1436572800.0,,35.2,1051.9
2015-07-12,557,,,,,,0.0,1051.9
2015-07-13,558,,,,,,0.0,1051.9
2015-07-14,559,,,,,,0.0,1051.9
2015-07-15,560,fuji,,,1436918400.0,,6.0,1057.9
2015-07-16,561,fuji,,,1437004800.0,,5.0,1062.9
2015-07-17,562,,,,,,0.0,1062.9
2015-07-18,563,,,,,,0.0,1062.9
2015-07-19,564,,,,,,0.0,1062.9
2015-07-20,565,,,,,,0.0,1062.9
2015-07-21,566,,,,,,0.0,1062.9
2015-07-22,567,fuji,,,1437523200.0,,12.0,1074.9
2015-07-23,568,,,,,,0.0,1074.9
2015-07-24,569,fuji,,,1437696000.0,,10.0,1084.9
2015-07-25,570,,,,,,0.0,1084.9
2015-07-26,571,redTrek,,,1437868800.0,Cap city loop: 69 min,20.0,1104.9
2015-07-27,572,,,,,,0.0,1104.9
2015-07-28,573,,,,,,0.0,1104.9
2015-07-29,574,fuji,,,1438128000.0,,5.0,1109.9
2015-07-29,574,redTrek,,,1438128000.0,Cap city loop: 67.5 min,20.0,1129.9
2015-07-30,575,fuji,,,1438214400.0,,11.0,1140.9
2015-07-31,576,redTrek,,,1438300800.0,,3.5,1144.4
2015-08-01,577,,,,,,0.0,1144.4
2015-08-02,578,,,,,,0.0,1144.4
2015-08-03,579,,,,,,0.0,1144.4
2015-08-04,580,,,,,,0.0,1144.4
2015-08-05,581,,,,,,0.0,1144.4
2015-08-06,582,,,,,,0.0,1144.4
2015-08-07,583,,,,,,0.0,1144.4
2015-08-08,584,,,,,,0.0,1144.4
2015-08-09,585,,,,,,0.0,1144.4
2015-08-10,586,,,,,,0.0,1144.4
2015-08-11,587,,,,,,0.0,1144.4
2015-08-12,588,,,,,,0.0,1144.4
2015-08-13,589,,,,,,0.0,1144.4
2015-08-14,590,,,,,,0.0,1144.4
2015-08-15,591,,,,,,0.0,1144.4
2015-08-16,592,,,,,,0.0,1144.4
2015-08-17,593,,,,,,0.0,1144.4
2015-08-18,594,,,,,,0.0,1144.4
2015-08-19,595,,,,,,0.0,1144.4
2015-08-20,596,,,,,,0.0,1144.4
2015-08-21,597,redTrek,,,1440115200.0,Cap city loop: 70 min,20.0,1164.4
2015-08-22,598,fuji,,,1440201600.0,,21.0,1185.4
2015-08-23,599,redTrek,,,1440288000.0,,36.0,1221.4
2015-08-24,600,,,,,,0.0,1221.4
2015-08-25,601,,,,,,0.0,1221.4
2015-08-26,602,,,,,,0.0,1221.4
2015-08-27,603,redTrek,,,1440633600.0,Cap city loop: 70 min,20.0,1241.4
2015-08-27,603,fuji,,,1440633600.0,,13.0,1254.4
2015-08-28,604,,,,,,0.0,1254.4
2015-08-29,605,,,,,,0.0,1254.4
2015-08-30,606,redTrek,,,1440892800.0,Cap city loop: 67 min,20.0,1274.4
2015-08-31,607,,,,,,0.0,1274.4
2015-09-01,608,redTrek,,,1441065600.0,Cap city loop: 68 min,20.0,1294.4
2015-09-02,609,,,,,,0.0,1294.4
2015-09-03,610,,,,,,0.0,1294.4
2015-09-04,611,,,,,,0.0,1294.4
2015-09-05,612,redTrek,,,1441411200.0,,28.75,1323.15
2015-09-06,613,,,,,,0.0,1323.15
2015-09-07,614,redTrek,,,1441584000.0,,31.3,1354.45
2015-09-08,615,,,,,,0.0,1354.45
2015-09-09,616,fuji,,,1441756800.0,,13.0,1367.45
2015-09-10,617,,,,,,0.0,1367.45
2015-09-11,618,redTrek,,,1441929600.0,Cap city loop: 75(?) min,20.0,1387.45
2015-09-12,619,,,,,,0.0,1387.45
2015-09-13,620,redTrek,,,1442102400.0,,28.3,1415.75
2015-09-14,621,,,,,,0.0,1415.75
2015-09-15,622,fuji,,,1442275200.0,,2.0,1417.75
2015-09-16,623,fuji,,,1442361600.0,"Ran into another bike, buckled frame",12.0,1429.75
2015-09-17,624,fuji,,,1442448000.0,,10.5,1440.25
2015-09-18,625,,,,,,0.0,1440.25
2015-09-19,626,redTrek,,,1442620800.0,,49.3,1489.55
2015-09-20,627,,,,,,0.0,1489.55
2015-09-21,628,,,,,,0.0,1489.55
2015-09-22,629,,,,,,0.0,1489.55
2015-09-23,630,fuji,,,1442966400.0,,6.0,1495.55
2015-09-24,631,,,,,,0.0,1495.55
2015-09-25,632,,,,,,0.0,1495.55
2015-09-26,633,,,,,,0.0,1495.55
2015-09-27,634,,,,,,0.0,1495.55
2015-09-28,635,redTrek,,,1443398400.0,Cap city loop: 67.5 min,20.0,1515.55
2015-09-29,636,,,,,,0.0,1515.55
2015-09-30,637,redTrek,,,1443571200.0,Cap city loop: 80? min,20.0,1535.55
2015-09-30,637,fuji,,,1443571200.0,,8.0,1543.55
2015-10-01,638,,,,,,0.0,1543.55
2015-10-02,639,,,,,,0.0,1543.55
2015-10-03,640,,,,,,0.0,1543.55
2015-10-04,641,redTrek,,,1443916800.0,Cap city loop: 68 min,20.0,1563.55
2015-10-05,642,,,,,,0.0,1563.55
2015-10-06,643,,,,,,0.0,1563.55
2015-10-07,644,fuji,,,1444176000.0,,6.0,1569.55
2015-10-07,644,redTrek,,,1444176000.0,,30.0,1599.55
2015-10-08,645,fuji,,,1444262400.0,,9.0,1608.55
2015-10-09,646,redTrek,,,1444348800.0,Cap city loop: 66.5 min,20.0,1628.55
2015-10-10,647,,,,,,0.0,1628.55
2015-10-11,648,redTrek,,,1444521600.0,,8.0,1636.55
2015-10-12,649,,,,,,0.0,1636.55
2015-10-13,650,,,,,,0.0,1636.55
2015-10-14,651,fuji,,,1444780800.0,,6.0,1642.55
2015-10-14,651,redTrek,,,1444780800.0,,16.8,1659.35
2015-10-15,652,,,,,,0.0,1659.35
2015-10-16,653,redTrek,,,1444953600.0,Cap city loop: 70 min,20.0,1679.35
2015-10-17,654,,,,,,0.0,1679.35
2015-10-18,655,redTrek,,,1445126400.0,,31.4,1710.75
2015-10-19,656,,,,,,0.0,1710.75
2015-10-20,657,,,,,,0.0,1710.75
2015-10-21,658,,,,,,0.0,1710.75
2015-10-22,659,redTrek,,,1445472000.0,Cap city loop: 69 min,20.0,1730.75
2015-10-23,660,,,,,,0.0,1730.75
2015-10-24,661,,,,,,0.0,1730.75
2015-10-25,662,redTrek,,,1445731200.0,Cap city loop: 70 min,20.0,1750.75
2015-10-26,663,,,,,,0.0,1750.75
2015-10-27,664,,,,,,0.0,1750.75
2015-10-28,665,,,,,,0.0,1750.75
2015-10-29,666,,,,,,0.0,1750.75
2015-10-30,667,,,,,,0.0,1750.75
2015-10-31,668,fuji,,,1446249600.0,,6.0,1756.75
2015-11-01,669,blueTrek,,400.0,1446336000.0,Received bike,0.0,1756.75
2015-11-01,669,redTrek,,,1446336000.0,,34.0,1790.75
2015-11-02,670,,,,,,0.0,1790.75
2015-11-03,671,redTrek,,,1446508800.0,Cap city loop: 75 min,20.0,1810.75
2015-11-04,672,fuji,,,1446595200.0,,8.0,1818.75
2015-11-05,673,fuji,,,1446681600.0,,5.5,1824.25
2015-11-06,674,,,,,,0.0,1824.25
2015-11-07,675,,,,,,0.0,1824.25
2015-11-08,676,,,,,,0.0,1824.25
2015-11-09,677,,,,,,0.0,1824.25
2015-11-10,678,,,,,,0.0,1824.25
2015-11-11,679,fuji,,,1447200000.0,,6.0,1830.25
2015-11-12,680,fuji,,,1447286400.0,,6.0,1836.25
2015-11-13,681,,,,,,0.0,1836.25
2015-11-14,682,fuji,,,1447459200.0,,3.0,1839.25
2015-11-15,683,redTrek,,,1447545600.0,Cap city loop: 80 min,20.0,1859.25
2015-11-16,684,,,,,,0.0,1859.25
2015-11-17,685,,,,,,0.0,1859.25
2015-11-18,686,,,,,,0.0,1859.25
2015-11-19,687,,,,,,0.0,1859.25
2015-11-20,688,,,,,,0.0,1859.25
2015-11-21,689,,,,,,0.0,1859.25
2015-11-22,690,,,,,,0.0,1859.25
2015-11-23,691,,,,,,0.0,1859.25
2015-11-24,692,,,,,,0.0,1859.25
2015-11-25,693,,,,,,0.0,1859.25
2015-11-26,694,,,,,,0.0,1859.25
2015-11-27,695,,,,,,0.0,1859.25
2015-11-28,696,,,,,,0.0,1859.25
2015-11-29,697,,,,,,0.0,1859.25
2015-11-30,698,,,,,,0.0,1859.25
2015-12-01,699,,,,,,0.0,1859.25
2015-12-02,700,,,,,,0.0,1859.25
2015-12-03,701,,,,,,0.0,1859.25
2015-12-04,702,,,,,,0.0,1859.25
2015-12-05,703,,,,,,0.0,1859.25
2015-12-06,704,,,,,,0.0,1859.25
2015-12-07,705,,,,,,0.0,1859.25
2015-12-08,706,,,,,,0.0,1859.25
2015-12-09,707,,,,,,0.0,1859.25
2015-12-10,708,,,,,,0.0,1859.25
2015-12-11,709,,,,,,0.0,1859.25
2015-12-12,710,,,,,,0.0,1859.25
2015-12-13,711,,,,,,0.0,1859.25
2015-12-14,712,,,,,,0.0,1859.25
2015-12-15,713,,,,,,0.0,1859.25
2015-12-16,714,,,,,,0.0,1859.25
2015-12-17,715,,,,,,0.0,1859.25
2015-12-18,716,,,,,,0.0,1859.25
2015-12-19,717,,,,,,0.0,1859.25
2015-12-20,718,,,,,,0.0,1859.25
2015-12-21,719,,,,,,0.0,1859.25
2015-12-22,720,,,,,,0.0,1859.25
2015-12-23,721,,,,,,0.0,1859.25
2015-12-24,722,,,,,,0.0,1859.25
2015-12-25,723,,,,,,0.0,1859.25
2015-12-26,724,,,,,,0.0,1859.25
2015-12-27,725,,,,,,0.0,1859.25
2015-12-28,726,,,,,,0.0,1859.25
2015-12-29,727,,,,,,0.0,1859.25
2015-12-30,728,,,,,,0.0,1859.25
2015-12-31,729,,,,,,0.0,1859.25
2016-01-01,730,,,,,,0.0,0.0
2016-01-02,731,,,,,,0.0,0.0
2016-01-03,732,,,,,,0.0,0.0
2016-01-04,733,,,,,,0.0,0.0
2016-01-05,734,,,,,,0.0,0.0
2016-01-06,735,,,,,,0.0,0.0
2016-01-07,736,,,,,,0.0,0.0
2016-01-08,737,,,,,,0.0,0.0
2016-01-09,738,,,,,,0.0,0.0
2016-01-10,739,,,,,,0.0,0.0
2016-01-11,740,,,,,,0.0,0.0
2016-01-12,741,,,,,,0.0,0.0
2016-01-13,742,,,,,,0.0,0.0
2016-01-14,743,,,,,,0.0,0.0
2016-01-15,744,,,,,,0.0,0.0
2016-01-16,745,,,,,,0.0,0.0
2016-01-17,746,,,,,,0.0,0.0
2016-01-18,747,,,,,,0.0,0.0
2016-01-19,748,,,,,,0.0,0.0
2016-01-20,749,,,,,,0.0,0.0
2016-01-21,750,,,,,,0.0,0.0
2016-01-22,751,,,,,,0.0,0.0
2016-01-23,752,,,,,,0.0,0.0
2016-01-24,753,,,,,,0.0,0.0
2016-01-25,754,,,,,,0.0,0.0
2016-01-26,755,,,,,,0.0,0.0
2016-01-27,756,,,,,,0.0,0.0
2016-01-28,757,,,,,,0.0,0.0
2016-01-29,758,,,,,,0.0,0.0
2016-01-30,759,,,,,,0.0,0.0
2016-01-31,760,,,,,,0.0,0.0
2016-02-01,761,,,,,,0.0,0.0
2016-02-02,762,,,,,,0.0,0.0
2016-02-03,763,,,,,,0.0,0.0
2016-02-04,764,,,,,,0.0,0.0
2016-02-05,765,,,,,,0.0,0.0
2016-02-06,766,,,,,,0.0,0.0
2016-02-07,767,,,,,,0.0,0.0
2016-02-08,768,,,,,,0.0,0.0
2016-02-09,769,,,,,,0.0,0.0
2016-02-10,770,,,,,,0.0,0.0
2016-02-11,771,,,,,,0.0,0.0
2016-02-12,772,,,,,,0.0,0.0
2016-02-13,773,,,,,,0.0,0.0
2016-02-14,774,,,,,,0.0,0.0
2016-02-15,775,,,,,,0.0,0.0
2016-02-16,776,,,,,,0.0,0.0
2016-02-17,777,,,,,,0.0,0.0
2016-02-18,778,,,,,,0.0,0.0
2016-02-19,779,,,,,,0.0,0.0
2016-02-20,780,fuji,,,1455926400.0,,18.0,18.0
2016-02-21,781,,,,,,0.0,18.0
2016-02-22,782,,,,,,0.0,18.0
2016-02-23,783,,,,,,0.0,18.0
2016-02-24,784,,,,,,0.0,18.0
2016-02-25,785,,,,,,0.0,18.0
2016-02-26,786,,,,,,0.0,18.0
2016-02-27,787,fuji,,,1456531200.0,,7.0,25.0
2016-02-28,788,fuji,,,1456617600.0,,20.0,45.0
2016-02-29,789,,,,,,0.0,45.0
2016-03-01,790,,,,,,0.0,45.0
2016-03-02,791,,,,,,0.0,45.0
2016-03-03,792,,,,,,0.0,45.0
2016-03-04,793,fuji,,,1457049600.0,,5.0,50.0
2016-03-05,794,,,,,,0.0,50.0
2016-03-06,795,fuji,,,1457222400.0,,16.0,66.0
2016-03-07,796,,,,,,0.0,66.0
2016-03-08,797,,,,,,0.0,66.0
2016-03-09,798,,,,,,0.0,66.0
2016-03-10,799,,,,,,0.0,66.0
2016-03-11,800,,,,,,0.0,66.0
2016-03-12,801,fuji,,,1457740800.0,,20.0,86.0
2016-03-13,802,,,,,,0.0,86.0
2016-03-14,803,fuji,,,1457913600.0,,20.0,106.0
2016-03-15,804,,,,,,0.0,106.0
2016-03-16,805,,,,,,0.0,106.0
2016-03-17,806,,,,,,0.0,106.0
2016-03-18,807,blueTrek,,,1458259200.0,,22.0,128.0
2016-03-19,808,fuji,,,1458345600.0,,5.0,133.0
2016-03-20,809,,,,,,0.0,133.0
2016-03-21,810,,,,,,0.0,133.0
2016-03-22,811,,,,,,0.0,133.0
2016-03-23,812,,,,,,0.0,133.0
2016-03-24,813,fuji,,,1458777600.0,,4.0,137.0
2016-03-25,814,,,,,,0.0,137.0
2016-03-26,815,takara,,30.0,1458950400.0,Bought bike,1.5,138.5
2016-03-27,816,takara,,5.0,1459036800.0,Flat tire,3.0,141.5
2016-03-28,817,blueTrek,,,1459123200.0,,20.0,161.5
2016-03-29,818,,,,,,0.0,161.5
2016-03-30,819,,,,,,0.0,161.5
2016-03-31,820,takara,,,1459382400.0,,2.0,163.5
2016-04-01,821,blueTrek,,,1459468800.0,,20.0,183.5
2016-04-01,821,takara,,,1459468800.0,,8.0,191.5
2016-04-02,822,,,,,,0.0,191.5
2016-04-03,823,blueTrek,,,1459641600.0,,20.0,211.5
2016-04-04,824,takara,,,1459728000.0,,2.0,213.5
2016-04-05,825,takara,,,1459814400.0,,2.0,215.5
2016-04-06,826,takara,,,1459900800.0,,4.0,219.5
2016-04-07,827,takara,,,1459987200.0,,5.0,224.5
2016-04-08,828,takara,,,1460073600.0,,2.0,226.5
2016-04-09,829,,,,,,0.0,226.5
2016-04-10,830,blueTrek,,,1460246400.0,,35.0,261.5
2016-04-11,831,takara,,,1460332800.0,,2.0,263.5
2016-04-12,832,takara,,,1460419200.0,,2.0,265.5
2016-04-13,833,takara,,,1460505600.0,,3.0,268.5
2016-04-14,834,takara,,,1460592000.0,,2.0,270.5
2016-04-14,834,redTrek,,,1460592000.0,,22.0,292.5
2016-04-15,835,takara,,,1460678400.0,,2.0,294.5
2016-04-16,836,,,,,,0.0,294.5
2016-04-17,837,redTrek,,,1460851200.0,,33.0,327.5
2016-04-17,837,takara,,,1460851200.0,,2.0,329.5
2016-04-18,838,takara,,,1460937600.0,,2.0,331.5
2016-04-19,839,takara,,,1461024000.0,,1.0,332.5
2016-04-20,840,takara,,,1461110400.0,,1.0,333.5
2016-04-21,841,takara,,,1461196800.0,,4.0,337.5
2016-04-22,842,takara,,,1461283200.0,,2.0,339.5
2016-04-23,843,redTrek,,,1461369600.0,,21.0,360.5
2016-04-24,844,,,,,,0.0,360.5
2016-04-25,845,redTrek,,,1461542400.0,,20.0,380.5
2016-04-25,845,takara,,,1461542400.0,,2.0,382.5
2016-04-26,846,takara,,,1461628800.0,,2.0,384.5
2016-04-27,847,takara,,,1461715200.0,,2.0,386.5
2016-04-28,848,takara,,,1461801600.0,,2.0,388.5
2016-04-29,849,takara,,,1461888000.0,,3.0,391.5
2016-04-30,850,,,,,,0.0,391.5
2016-05-01,851,blueTrek,,,1462060800.0,,6.0,397.5
2016-05-02,852,redTrek,,,1462147200.0,,32.5,430.0
2016-05-02,852,takara,,,1462147200.0,,2.0,432.0
2016-05-03,853,takara,,,1462233600.0,,2.0,434.0
2016-05-04,854,redTrek,,,1462320000.0,,20.0,454.0
2016-05-04,854,takara,,,1462320000.0,,2.0,456.0
2016-05-05,855,takara,,,1462406400.0,,2.0,458.0
2016-05-06,856,takara,,,1462492800.0,,5.0,463.0
2016-05-06,856,redTrek,,,1462492800.0,,24.0,487.0
2016-05-07,857,,,,,,0.0,487.0
2016-05-08,858,,,,,,0.0,487.0
2016-05-09,859,,,,,,0.0,487.0
2016-05-10,860,,,,,,0.0,487.0
2016-05-11,861,redTrek,,6.75,1462924800.0,Broken spoke and popped  tube,31.0,518.0
2016-05-11,861,takara,,,1462924800.0,,2.0,520.0
2016-05-12,862,takara,,,1463011200.0,,2.0,522.0
2016-05-13,863,,,,,,0.0,522.0
2016-05-14,864,,,,,,0.0,522.0
2016-05-15,865,,,,,,0.0,522.0
2016-05-16,866,blueTrek,,,1463356800.0,,20.0,542.0
2016-05-16,866,takara,,,1463356800.0,,2.0,544.0
2016-05-17,867,takara,,,1463443200.0,,2.0,546.0
2016-05-18,868,takara,,,1463529600.0,,7.0,553.0
2016-05-19,869,takara,,,1463616000.0,,2.0,555.0
2016-05-20,870,takara,,,1463702400.0,,2.0,557.0
2016-05-21,871,redTrek,,,1463788800.0,,34.0,591.0
2016-05-22,872,,,,,,0.0,591.0
2016-05-23,873,redTrek,,,1463961600.0,,21.5,612.5
2016-05-23,873,takara,,,1463961600.0,,2.0,614.5
2016-05-24,874,fuji,,,1464048000.0,,6.0,620.5
2016-05-24,874,takara,,,1464048000.0,,2.0,622.5
2016-05-25,875,takara,,,1464134400.0,,2.0,624.5
2016-05-26,876,takara,,,1464220800.0,,2.0,626.5
2016-05-27,877,redTrek,,,1464307200.0,,19.0,645.5
2016-05-27,877,takara,,,1464307200.0,,2.0,647.5
2016-05-28,878,,,,,,0.0,647.5
2016-05-29,879,redTrek,,,1464480000.0,,32.0,679.5
2016-05-30,880,takara,,,1464566400.0,,2.0,681.5
2016-05-31,881,,,,,,0.0,681.5
2016-06-01,882,takara,,,1464739200.0,,2.0,683.5
2016-06-02,883,,,,,,0.0,683.5
2016-06-03,884,takara,,,1464912000.0,,2.0,685.5
2016-06-04,885,redTrek,,,1464998400.0,,63.0,748.5
2016-06-05,886,,,,,,0.0,748.5
2016-06-06,887,,,,,,0.0,748.5
2016-06-07,888,takara,,,1465257600.0,,2.0,750.5
2016-06-08,889,takara,,,1465344000.0,,8.0,758.5
2016-06-09,890,takara,,,1465430400.0,,2.0,760.5
2016-06-10,891,takara,,,1465516800.0,,2.0,762.5
2016-06-11,892,redTrek,,,1465603200.0,,21.0,783.5
2016-06-12,893,,,,,,0.0,783.5
2016-06-13,894,,,,,,0.0,783.5
2016-06-14,895,,,,,,0.0,783.5
2016-06-15,896,fuji,,,1465948800.0,,20.0,803.5
2016-06-16,897,,,,,,0.0,803.5
2016-06-17,898,,,,,,0.0,803.5
2016-06-18,899,redTrek,,,1466208000.0,,19.0,822.5
2016-06-19,900,,,,,,0.0,822.5
2016-06-20,901,,,,,,0.0,822.5
2016-06-21,902,,,,,,0.0,822.5
2016-06-22,903,,,,,,0.0,822.5
2016-06-23,904,,,,,,0.0,822.5
2016-06-24,905,,,,,,0.0,822.5
2016-06-25,906,,,,,,0.0,822.5
2016-06-26,907,,,,,,0.0,822.5
2016-06-27,908,,,,,,0.0,822.5
2016-06-28,909,,,,,,0.0,822.5
2016-06-29,910,,,,,,0.0,822.5
2016-06-30,911,,,,,,0.0,822.5
2016-07-01,912,,,,,,0.0,822.5
2016-07-02,913,,,,,,0.0,822.5
2016-07-03,914,redTrek,,,1467504000.0,,19.0,841.5
2016-07-04,915,,,,,,0.0,841.5
2016-07-05,916,,,,,,0.0,841.5
2016-07-06,917,,,,,,0.0,841.5
2016-07-07,918,redTrek,,,1467849600.0,Flat tires,17.0,858.5
2016-07-08,919,,,,,,0.0,858.5
2016-07-09,920,,,,,,0.0,858.5
2016-07-10,921,,,,,,0.0,858.5
2016-07-11,922,,,,,,0.0,858.5
2016-07-12,923,,,,,,0.0,858.5
2016-07-13,924,,,,,,0.0,858.5
2016-07-14,925,,,,,,0.0,858.5
2016-07-15,926,,,,,,0.0,858.5
2016-07-16,927,blueTrek,,25.0,1468627200.0,new handle bars and stem,0.0,858.5
2016-07-17,928,,,,,,0.0,858.5
2016-07-18,929,,,,,,0.0,858.5
2016-07-19,930,,,,,,0.0,858.5
2016-07-20,931,blueTrek,,,1468972800.0,,18.0,876.5
2016-07-21,932,,,,,,0.0,876.5
2016-07-22,933,,,,,,0.0,876.5
2016-07-23,934,,,,,,0.0,876.5
2016-07-24,935,,,,,,0.0,876.5
2016-07-25,936,,,,,,0.0,876.5
2016-07-26,937,,,,,,0.0,876.5
2016-07-27,938,,,,,,0.0,876.5
2016-07-28,939,,,,,,0.0,876.5
2016-07-29,940,,,,,,0.0,876.5
2016-07-30,941,,,,,,0.0,876.5
2016-07-31,942,,,,,,0.0,876.5
2016-08-01,943,,,,,,0.0,876.5
2016-08-02,944,,,,,,0.0,876.5
2016-08-03,945,,,,,,0.0,876.5
2016-08-04,946,,,,,,0.0,876.5
2016-08-05,947,,,,,,0.0,876.5
2016-08-06,948,,,,,,0.0,876.5
2016-08-07,949,,,,,,0.0,876.5
2016-08-08,950,,,,,,0.0,876.5
2016-08-09,951,,,,,,0.0,876.5
2016-08-10,952,,,,,,0.0,876.5
2016-08-11,953,,,,,,0.0,876.5
2016-08-12,954,,,,,,0.0,876.5
2016-08-13,955,,,,,,0.0,876.5
2016-08-14,956,,,,,,0.0,876.5
2016-08-15,957,,,,,,0.0,876.5
2016-08-16,958,,,,,,0.0,876.5
2016-08-17,959,,,,,,0.0,876.5
2016-08-18,960,,,,,,0.0,876.5
2016-08-19,961,,,,,,0.0,876.5
2016-08-20,962,,,,,,0.0,876.5
2016-08-21,963,,,,,,0.0,876.5
2016-08-22,964,,,,,,0.0,876.5
2016-08-23,965,,,,,,0.0,876.5
2016-08-24,966,,,,,,0.0,876.5
2016-08-25,967,,,,,,0.0,876.5
2016-08-26,968,,,,,,0.0,876.5
2016-08-27,969,,,,,,0.0,876.5
2016-08-28,970,,,,,,0.0,876.5
2016-08-29,971,,,,,,0.0,876.5
2016-08-30,972,,,,,,0.0,876.5
2016-08-31,973,,,,,,0.0,876.5
2016-09-01,974,,,,,,0.0,876.5
2016-09-02,975,,,,,,0.0,876.5
2016-09-03,976,,,,,,0.0,876.5
2016-09-04,977,,,,,,0.0,876.5
2016-09-05,978,,,,,,0.0,876.5
2016-09-06,979,,,,,,0.0,876.5
2016-09-07,980,,,,,,0.0,876.5
2016-09-08,981,,,,,,0.0,876.5
2016-09-09,982,,,,,,0.0,876.5
2016-09-10,983,,,,,,0.0,876.5
2016-09-11,984,,,,,,0.0,876.5
2016-09-12,985,,,,,,0.0,876.5
2016-09-13,986,,,,,,0.0,876.5
2016-09-14,987,,,,,,0.0,876.5
2016-09-15,988,,,,,,0.0,876.5
2016-09-16,989,,,,,,0.0,876.5
2016-09-17,990,,,,,,0.0,876.5
2016-09-18,991,,,,,,0.0,876.5
2016-09-19,992,,,,,,0.0,876.5
2016-09-20,993,,,,,,0.0,876.5
2016-09-21,994,,,,,,0.0,876.5
2016-09-22,995,,,,,,0.0,876.5
2016-09-23,996,,,,,,0.0,876.5
2016-09-24,997,,,,,,0.0,876.5
2016-09-25,998,,,,,,0.0,876.5
2016-09-26,999,,,,,,0.0,876.5
2016-09-27,1000,,,,,,0.0,876.5
2016-09-28,1001,,,,,,0.0,876.5
2016-09-29,1002,,,,,,0.0,876.5
2016-09-30,1003,,,,,,0.0,876.5
2016-10-01,1004,,,,,,0.0,876.5
2016-10-02,1005,,,,,,0.0,876.5
2016-10-03,1006,,,,,,0.0,876.5
2016-10-04,1007,,,,,,0.0,876.5
2016-10-05,1008,,,,,,0.0,876.5
2016-10-06,1009,,,,,,0.0,876.5
2016-10-07,1010,,,,,,0.0,876.5
2016-10-08,1011,,,,,,0.0,876.5
2016-10-09,1012,,,,,,0.0,876.5
2016-10-10,1013,,,,,,0.0,876.5
2016-10-11,1014,,,,,,0.0,876.5
2016-10-12,1015,,,,,,0.0,876.5
2016-10-13,1016,,,,,,0.0,876.5
2016-10-14,1017,,,,,,0.0,876.5
2016-10-15,1018,,,,,,0.0,876.5
2016-10-16,1019,,,,,,0.0,876.5
2016-10-17,1020,,,,,,0.0,876.5
2016-10-18,1021,,,,,,0.0,876.5
2016-10-19,1022,,,,,,0.0,876.5
2016-10-20,1023,,,,,,0.0,876.5
2016-10-21,1024,,,,,,0.0,876.5
2016-10-22,1025,,,,,,0.0,876.5
2016-10-23,1026,,,,,,0.0,876.5
2016-10-24,1027,,,,,,0.0,876.5
2016-10-25,1028,,,,,,0.0,876.5
2016-10-26,1029,,,,,,0.0,876.5
2016-10-27,1030,,,,,,0.0,876.5
2016-10-28,1031,,,,,,0.0,876.5
2016-10-29,1032,,,,,,0.0,876.5
2016-10-30,1033,,,,,,0.0,876.5
2016-10-31,1034,,,,,,0.0,876.5
2016-11-01,1035,,,,,,0.0,876.5
2016-11-02,1036,,,,,,0.0,876.5
2016-11-03,1037,,,,,,0.0,876.5
2016-11-04,1038,,,,,,0.0,876.5
2016-11-05,1039,,,,,,0.0,876.5
2016-11-06,1040,,,,,,0.0,876.5
2016-11-07,1041,,,,,,0.0,876.5
2016-11-08,1042,,,,,,0.0,876.5
2016-11-09,1043,,,,,,0.0,876.5
2016-11-10,1044,,,,,,0.0,876.5
2016-11-11,1045,,,,,,0.0,876.5
2016-11-12,1046,,,,,,0.0,876.5
2016-11-13,1047,,,,,,0.0,876.5
2016-11-14,1048,,,,,,0.0,876.5
2016-11-15,1049,,,,,,0.0,876.5
2016-11-16,1050,,,,,,0.0,876.5
2016-11-17,1051,,,,,,0.0,876.5
2016-11-18,1052,,,,,,0.0,876.5
2016-11-19,1053,,,,,,0.0,876.5
2016-11-20,1054,,,,,,0.0,876.5
2016-11-21,1055,,,,,,0.0,876.5
2016-11-22,1056,,,,,,0.0,876.5
2016-11-23,1057,,,,,,0.0,876.5
2016-11-24,1058,,,,,,0.0,876.5
2016-11-25,1059,,,,,,0.0,876.5
2016-11-26,1060,,,,,,0.0,876.5
2016-11-27,1061,,,,,,0.0,876.5
2016-11-28,1062,,,,,,0.0,876.5
2016-11-29,1063,,,,,,0.0,876.5
2016-11-30,1064,,,,,,0.0,876.5
2016-12-01,1065,,,,,,0.0,876.5
2016-12-02,1066,,,,,,0.0,876.5
2016-12-03,1067,,,,,,0.0,876.5
2016-12-04,1068,,,,,,0.0,876.5
2016-12-05,1069,,,,,,0.0,876.5
2016-12-06,1070,,,,,,0.0,876.5
2016-12-07,1071,,,,,,0.0,876.5
2016-12-08,1072,,,,,,0.0,876.5
2016-12-09,1073,,,,,,0.0,876.5
2016-12-10,1074,,,,,,0.0,876.5
2016-12-11,1075,,,,,,0.0,876.5
2016-12-12,1076,,,,,,0.0,876.5
2016-12-13,1077,,,,,,0.0,876.5
2016-12-14,1078,,,,,,0.0,876.5
2016-12-15,1079,,,,,,0.0,876.5
2016-12-16,1080,,,,,,0.0,876.5
2016-12-17,1081,,,,,,0.0,876.5
2016-12-18,1082,,,,,,0.0,876.5
2016-12-19,1083,,,,,,0.0,876.5
2016-12-20,1084,,,,,,0.0,876.5
2016-12-21,1085,,,,,,0.0,876.5
2016-12-22,1086,,,,,,0.0,876.5
2016-12-23,1087,,,,,,0.0,876.5
2016-12-24,1088,,,,,,0.0,876.5
2016-12-25,1089,,,,,,0.0,876.5
2016-12-26,1090,,,,,,0.0,876.5
2016-12-27,1091,,,,,,0.0,876.5
2016-12-28,1092,,,,,,0.0,876.5
2016-12-29,1093,,,,,,0.0,876.5
2016-12-30,1094,,,,,,0.0,876.5
2016-12-31,1095,,,,,,0.0,876.5
